"Name","Index","TX","% in Circ","Ecosys Votes","Dly Users","Dly Uniq Sndrs","Dly Uniq Rcvrs","Dly Uniq Addrs"
"AlgoStake",511484048,565333,12.462927,45,8407,174,1629,1647
"Yieldly",226701642,5128956,100,221,119534,1585,1502,1798
"Defly Token",470842789,260774,44.258017,23,9903,342,703,731
"AlgoGems",230946361,451881,99.997955,33,96902,216,233,426