"Name","Index","TX","% in Circ","Ecosys Votes","Dly Users","Dly Uniq Sndrs","Dly Uniq Rcvrs","Dly Uniq Addrs"
"AlgoStake",511484048,565839,13.462927,45,8407,174,1629,1647
"Yieldly",226701642,5133166,100,221,119534,1585,1502,1798
"Defly Token",470842789,261468,44.258017,23,9903,342,703,731
"AlgoGems",230946361,452025,99.997955,33,96902,216,233,426