"Name","Index","Crtn Rnd","TX","% in Circ","Ecosys Votes","Dly Users","Dly Uniq Sndrs","Dly Uniq Rcvrs","Dly Uniq Addrs","Def Frzn"
"AlgoStake",511484048,18325882,560017,12.462927,45,8407,174,1629,1647,false
"Yieldly",226701642,13995800,5117179,100,221,119534,1585,1502,1798,false
"Defly Token",470842789,18072492,257859,44.061519,23,9903,342,703,731,false
"AlgoGems",230946361,14153187,451393,99.997957,33,96902,216,233,426,false