"Name","Index","Creation Rnd","# of TX","% in Circ","Ecosys Votes","Def Frozen"
"AlgoGems",230946361,14153187,450225,99.997957,33,false
"AlgoStake",511484048,18325882,548734,12.462827,45,false
"Yieldly",226701642,13995800,5085386,100,220,false
"Defly Token",470842789,18072492,249902,43.668517,23,false