"Name","Index","Creation Rnd","# of TX","% in Circ","Ecosys Votes","Daily Users","Daily Unique Senders","Daily Unique Receivers","Daily Unique Addresses","Def Frozen"
"AlgoStake",511484048,18325882,559261,12.462927,45,8407,174,1629,1647,false
"Yieldly",226701642,13995800,5111313,100,221,119534,1585,1502,1798,false
"Defly Token",470842789,18072492,255572,43.865018,23,9903,342,703,731,false
"AlgoGems",230946361,14153187,451164,99.997957,33,96902,216,233,426,false