"Name","Index","TX","% in Circ","Ecosys Votes","Dly Users","Dly Uniq Sndrs","Dly Uniq Rcvrs","Dly Uniq Addrs"
"AlgoStake",511484048,564678,12.462927,45,8407,174,1629,1647
"Yieldly",226701642,5122777,100,221,119534,1585,1502,1798
"Defly Token",470842789,259824,44.061516,23,9903,342,703,731
"AlgoGems",230946361,451754,99.997955,33,96902,216,233,426