"Name","Index","Creation Rnd","TX","% in Circ","Ecosys Votes","Dly Users","Dly Unique Sndrs","Dly Unique Rcvrs","Dly Unique Addrs","Def Frzn"
"AlgoStake",511484048,18325882,559968,12.462927,45,8407,174,1629,1647,false
"Yieldly",226701642,13995800,5116648,100,221,119534,1585,1502,1798,false
"Defly Token",470842789,18072492,257788,44.061519,23,9903,342,703,731,false
"AlgoGems",230946361,14153187,451375,99.997957,33,96902,216,233,426,false