"Name","Index","Creation Rnd","# of TX","% in Circ","Ecosys Votes","Def Frozen"
"AlgoGems",230946361,14153187,450177,99.997957,33,false
"AlgoStake",511484048,18325882,548515,12.461827,45,false
"Yieldly",226701642,13995800,5083896,100,220,false
"Defly Token",470842789,18072492,249344,43.668517,23,false