"Name","Index","Creation Rnd","# of TX","% in Circ","Ecosys Votes","Def Frozen"
"AlgoGems",230946361,14153187,450095,99.997957,33,false
"AlgoStake",511484048,18325882,548158,12.461827,45,false
"Yieldly",226701642,13995800,5082588,100,220,false
"Defly Token",470842789,18072492,248827,43.668517,23,false