"Name","Index","Creation Rnd","# of TX","% in Circ","Ecosys Votes","Def Frozen"
"AlgoGems",230946361,14153187,450325,99.997957,33,false
"AlgoStake",511484048,18325882,548828,12.462827,45,false
"Yieldly",226701642,13995800,5085748,100,220,false
"Defly Token",470842789,18072492,249955,43.668517,23,false