"Name","Index","TX","% in Circ","Ecosys Votes","Dly Users","Dly Uniq Sndrs","Dly Uniq Rcvrs","Dly Uniq Addrs"
"AlgoStake",511484048,560295,12.462927,45,8407,174,1629,1647
"Yieldly",226701642,5119280,100,221,119534,1585,1502,1798
"Defly Token",470842789,258278,44.061518,23,9903,342,703,731
"AlgoGems",230946361,451452,99.997957,33,96902,216,233,426